model,spearman_rho,p_value,n_countries
chatgpt-4o,0.5925128536095704,2.2214885965391335e-11,106
claude-sonnet-4,0.6957561554562346,1.2591827848137284e-16,106
gemini2.5,0.2300918670116422,0.017654678357524572,106
llama3.3,0.28039245727667966,0.0036001422765922003,106
qwen2.5,0.27240619001914734,0.004728494455087952,106
