model,spearman_rho,p_value,n_countries
chatgpt-4o,0.7264741207798694,0.003253604251652381,14
claude-sonnet-4,0.48269586919328844,0.08042436212638034,14
gemini2.5,0.6751559790074552,0.008061925774412485,14
llama3.3,-0.006211414964767545,0.9831865867525553,14
qwen2.5,0.0286409232836847,0.9225740206770645,14
