model,agree,agree_pct
chatgpt-4o,0.9348837209302325,93.49
claude-sonnet-4,0.9813953488372092,98.14
gemini2.5,0.9534883720930233,95.35
llama3.3,0.958139534883721,95.81
qwen2.5,0.8465116279069768,84.65
