model,agree,agree_pct
chatgpt-4o,0.9553398058252427,95.53
claude-sonnet-4,0.9864077669902913,98.64
gemini2.5,0.9300970873786408,93.01
llama3.3,0.9436893203883495,94.37
qwen2.5,0.8699029126213592,86.99
