model_a,model_b,n,agreement,cohen_kappa
chatgpt-4o,claude-sonnet-4,3735,0.779920,0.573125
claude-sonnet-4,gemini2.5,3735,0.765730,0.508230
claude-sonnet-4,llama3.3,3735,0.757430,0.518451
chatgpt-4o,qwen2.5,3735,0.710308,0.297682
chatgpt-4o,llama3.3,3735,0.695315,0.380216
gemini2.5,llama3.3,3735,0.688621,0.392728
chatgpt-4o,gemini2.5,3735,0.612048,0.298722
llama3.3,qwen2.5,3735,0.605355,0.176153
claude-sonnet-4,qwen2.5,3735,0.545917,0.157309
gemini2.5,qwen2.5,3735,0.432129,0.102645
