model_a,model_b,n,agreement,cohen_kappa
chatgpt-4o,qwen2.5,935,0.816043,0.425819
claude-sonnet-4,qwen2.5,935,0.728342,0.292376
chatgpt-4o,claude-sonnet-4,935,0.726203,0.322659
chatgpt-4o,llama3.3,935,0.648128,0.234288
llama3.3,qwen2.5,935,0.598930,0.110610
claude-sonnet-4,llama3.3,935,0.594652,0.144556
claude-sonnet-4,gemini2.5,935,0.404278,-0.077499
gemini2.5,qwen2.5,935,0.325134,-0.126353
gemini2.5,llama3.3,935,0.319786,-0.302246
chatgpt-4o,gemini2.5,935,0.278075,-0.240841
