model_key,n_countries,spearman_rho
claude-sonnet-4,245,0.3000277673346378
chatgpt-4o,245,0.2619660871943396
qwen2.5,245,0.2304993666212778
llama3.3,245,0.06278797612943898
gemini2.5,245,0.040990103069690406
