model_key,rho,MAD
claude-sonnet-4,1.0,0.0
llama3.3,0.9748635041248808,0.0040160642570281
chatgpt-4o,0.8368340338317575,0.0321285140562249
qwen2.5,0.7654735034176774,0.0120481927710843
gemini2.5,0.627648213451157,0.1198347107438016
